{
  "title": "Upload Assets",
  "description": "Upload files as assets to a specific location",
  "details": {
    "steps": [
      {
        "title": "Exec the uploaded script",
        "text": "step1.md"
      }
    ],
    "assets": {
      "host01": [
        {"file": "conf.yaml", "target": "~/", "chmod": "+w"},
        {"file": "conf.yaml", "target": "/my/location", "chmod": "+w"},
        {"file": "run.sh", "target": "/my/location", "chmod": "+x"},
        {"file": "app1/readme.md", "target": "/my/location", "chmod": "+w"},
        {"file": "*", "target": "/all1"},
        {"file": "**", "target": "/all2"},
        {"file": "**/*.*", "target": "/all3"},
        {"file": "**/*.json", "target": "/all-json"},
        {"file": "app1/**/*.*", "target": "/app1"},
        {"file": "app1/*/*.json", "target": "/app1-json1"},
        {"file": "app1/**/*.json", "target": "/app1-json2"},
        {"file": "app2/**/*.*", "target": "/app2"},
        {"file": "app*/*.*", "target": "/apps1"},
        {"file": "app*/**/*.*", "target": "/apps2"}
      ]
    }
  },
  "backend": {
    "imageid": "ubuntu"
  }
}
