{
  "title": "Linux Files Intro",
  "description": "Let's learn some basic commands to work with files on a Linux system",
  "details": {
    "intro": {
      "text": "intro.md",
      "background": "setup.sh"
    },
    "steps": [
      {
        "title": "Create an empty file",
        "text": "step1/text.md",
        "verify": "step1/verify.sh"
      },
      {
        "title": "Create a file with text",
        "text": "step2/text.md",
        "verify": "step2/verify.sh"
      },
      {
        "title": "Delete a file",
        "text": "step3/text.md",
        "verify": "step3/verify.sh"
      }
    ],
    "finish": {
      "text": "finish.md"
    }
  },
  "backend": {
    "imageid": "ubuntu"
  }
}
