{
  "title": "Kubernetes 2node multi-step verification",
  "description": "Uses a two node Kubernetes cluster and performs user input verification in all steps",
  "details": {
    "intro": {
      "text": "intro.md"
    },
    "steps": [
      {
        "title": "Create a pod",
        "text": "step1/text.md",
        "verify": "step1/verify.sh"
      },
      {
        "title": "Delete a pod",
        "text": "step2/text.md",
        "verify": "step2/verify.sh"
      }
    ],
    "finish": {
      "text": "finish.md"
    }
  },
  "backend": {
    "imageid": "kubernetes-kubeadm-2nodes"
  }
}
